{
  "notes": [
    {
      "id": 1,
      "title": "Read Angular7 site",
      "text": "Shall do at 8 pm",
      "state": "completed"
    },
    {
      "id": 2,
      "title": "Call Ravi",
      "text": "Track the new submissions",
      "state": "completed"
    },
    {
      "title": "Capitalism",
      "text": "Mark Twain",
      "id": 3,
      "state": "started"
    },
    {
      "title": "hello12",
      "text": "how are you ",
      "state": "not-started",
      "id": 4
    },
    {
      "title": "Prasanna",
      "text": "Test",
      "state": "started",
      "id": 5
    },
    {
      "title": "Test title123",
      "text": "test note",
      "state": "not-started",
      "id": 6
    },
    {
      "title": "wer",
      "text": "wer",
      "state": "not-started",
      "id": 7
    },
    {
      "title": "admin",
      "text": "admin",
      "state": "not-started",
      "id": 8
    },
    {
      "title": "tset",
      "text": "test",
      "state": "not-started",
      "id": 9
    },
    {
      "title": "qwer",
      "text": "qwre",
      "state": "not-started",
      "id": 10
    },
    {
      "title": "Sathish12",
      "text": "Test",
      "state": "completed",
      "id": 11
    },
    {
      "title": "User",
      "text": "Test",
      "state": "started",
      "id": 12
    },
    {
      "title": "Dinesh",
      "text": "Test",
      "state": "not-started",
      "id": 13
    },
    {
      "title": "admin",
      "text": "test",
      "state": "completed",
      "id": 14
    }
  ]
}